<?xml version="1.0" encoding="UTF-8"?>
<project-private xmlns="http://www.netbeans.org/ns/project-private/1">
    <editor-bookmarks xmlns="http://www.netbeans.org/ns/editor-bookmarks/1"/>
    <editor-bookmarks xmlns="http://www.netbeans.org/ns/editor-bookmarks/2" lastBookmarkId="0"/>
    <open-files xmlns="http://www.netbeans.org/ns/projectui-open-files/2">
        <group>
            <file>file:/C:/Ju/USP/@Disciplinas/@POO/POO2025-1/PrototipoProjetoPOO2025/src/Main.java</file>
            <file>file:/C:/Ju/USP/@Disciplinas/@POO/POO2025-1/PrototipoProjetoPOO2025/src/Modelo/Caveira.java</file>
            <file>file:/C:/Ju/USP/@Disciplinas/@POO/POO2025-1/PrototipoProjetoPOO2025/src/Modelo/ZigueZague.java</file>
            <file>file:/C:/Ju/USP/@Disciplinas/@POO/POO2025-1/PrototipoProjetoPOO2025/src/Modelo/Hero.java</file>
            <file>file:/C:/Ju/USP/@Disciplinas/@POO/POO2025-1/PrototipoProjetoPOO2025/src/Modelo/BichinhoVaiVemHorizontal.java</file>
            <file>file:/C:/Ju/USP/@Disciplinas/@POO/POO2025-1/PrototipoProjetoPOO2025/src/Modelo/Fogo.java</file>
        </group>
    </open-files>
</project-private>
